,n_notes,n_notes,song_length_sec,song_length_sec
,mean,std,mean,std
kmeans_cluster,,,,
0,3436.538,284.8847,232.39546,58.41972
1,6230.244,660.70776,280.60562,86.009186
2,1107.8359,428.08707,153.65279,78.11104
3,9712.875,1701.479,317.69666,98.20216
4,4457.038,379.89462,238.56804,56.29176
5,2183.111,316.90244,233.28172,133.19763
