cluster,num_songs,avg_tempo,avg_loudness,avg_duration
0,99,112.60725252525253,-12.578262626262626,245.1165121212121
1,237,122.91772151898734,-7.670130801687764,236.0925871308017
2,96,108.17259374999999,-17.680052083333333,227.69329791666667
3,73,128.08439726027396,-9.419342465753424,362.6417608219178
4,93,111.54165591397849,-15.919451612903226,209.77994602150537
5,160,129.127925,-6.61694375,294.872363
6,192,128.534765625,-8.548963541666668,265.80716552083334
7,250,118.319688,-9.902832,242.95859304
